<assembly xmlns="http://maven.apache.org/plugins/maven-assembly-plugin/assembly/1.1.0"
          xmlns:xsi="http://www.w3.org/2001/XMLSchema-instance"
          xsi:schemaLocation="http://maven.apache.org/plugins/maven-assembly-plugin/assembly/1.1.0 http://maven.apache.org/xsd/assembly-1.1.0.xsd">
    <id>bin</id>
    <includeBaseDirectory>false</includeBaseDirectory>
    <formats>
        <format>tar.gz</format>
    </formats>
    <fileSets>
        <fileSet>
            <directory>${project.basedir}/config</directory>
            <outputDirectory>/config</outputDirectory>
            <includes>
                <include>*</include>
            </includes>
        </fileSet>
        <fileSet>
            <directory>${project.build.directory}</directory>
            <outputDirectory>/</outputDirectory>
            <includes>
                <include>${parent.artifactId}-${TextSecureServer.version}.jar</include>
            </includes>
        </fileSet>
    </fileSets>
</assembly>